{
  "materiales":[
    {
      "nombre":"OSB",
      "descripcion":"Madera OSB",
      "img_url":"/materiales/OSB.jpg",
      "imj_ej_url":"/materiales/OSB.jpg",
      "abreviacion":"OSB",
      "id":1,
      "formas":[{"id_forma":"1", "tamanos":["1"]}, {"id_forma":"3","tamanos":["2","3"]}, {"id_forma":"6","tamanos":["4"]}, {"id_forma":"2","tamanos":["1"]}, {"id_forma":"4","tamanos":["1"]}, {"id_forma":"5","tamanos":["6"]}]
    },
    {
      "nombre":"Pino",
      "descripcion":"Madera de Pino",
      "img_url":"/materiales/pino.jpg",
      "imj_ej_url":"/materiales/pino.jpg",
      "abreviacion":"Pino",
      "id":2,

      "formas":[{"id_forma":"3", "tamanos":["2","3"]}, {"id_forma":"6", "tamanos":["4"]}, {"id_forma":"7", "tamanos":["5"]}, {"id_forma":"5", "tamanos":["6"]}]
    }
  ],

  "formas":[
    {
      "nombre":"Círculo", "abreviacion":"Circulo",
      "descripcion":"",
      "img_url":"/formas/circulo18.svg",
      "id":"1"
    },
    {
      "nombre":"Corazón", "abreviacion":"Corazón",
      "descripcion":"",
      "img_url":"/formas/corazon18.svg",
      "id":"2"
    },
    {
      "nombre":"Cuadrado", "abreviacion":"Cuadrado",
      "descripcion":"",
      "img_url":"/formas/cuadrado9x9.svg",
      "id":"3"
    },
    {
      "nombre":"Hexagono", "abreviacion":"Hexagono",
      "descripcion":"",
      "img_url":"/formas/hexagono.svg",
      "id":"4"
    },
    {
      "nombre":"Puzzle", "abreviacion":"Puzzle",
      "descripcion":"",
      "img_url":"/formas/puzzleModulos9x9.svg",
      "id":"5"
    },
    {
      "nombre":"Rectangulo", "abreviacion":"Rectangulo",
      "descripcion":"",
      "img_url":"/formas/rectangulo14x21.svg",
      "id":"6"
    },
    {
      "nombre":"Triptico", "abreviacion":"Triptico",
      "descripcion":"",
      "img_url":"/formas/triptico9x18.svg",
      "id":"7"
    }
  ],

  "tamanos":[
    {
      "id":1,
      "nombre":"18cm",
      "descripcion":"",
      "precio":"",
      "style":"width: 100px; margin-left: -50px; height: 120px; margin-top: -60px;",
      "abreviacion":""
    },
    {
      "id":2,
      "nombre":"14x14cm",
      "descripcion":"",
      "precio":"",
      "style":"width: 56px; margin-left: -28px; height: 84px; margin-top: -42px;",
      "abreviacion":""
    },
    {
      "id":3,
      "nombre":"9x9cm",
      "descripcion":"",
      "precio":"",
      "style":"width: 36px; margin-left: -18px; height: 56px; margin-top: -28px;",
      "abreviacion":""
    },
    {
      "id":4,
      "nombre":"14x21cm",
      "descripcion":"",
      "precio":"",
      "style":"width: 100px; margin-left: -50px; height: 120px; margin-top: -60px;",
      "abreviacion":""
    },
    {
      "id":5,
      "nombre":"9x18cm",
      "descripcion":"",
      "precio":"",
      "style":"width: 56px; margin-left: -28px; height: 84px; margin-top: -42px;",
      "abreviacion":""
    },
    {
      "id":6,
      "nombre":"Modulos 9x9cm",
      "descripcion":"",
      "precio":"",
      "style":"width: 56px; margin-left: -28px; height: 84px; margin-top: -42px;",
      "abreviacion":""
    }
  ]
}
